<?xml version="1.0"?>
<policy type="and" name="FFV1-policy">
  <rule name="General/VideoCount is 1" value="VideoCount" tracktype="General" occurrence="*" operator="=">1</rule>
  <rule name="General/AudioCount is 1" value="AudioCount" tracktype="General" occurrence="*" operator="=">1</rule>
  <rule name="General/FileExtension is mkv" value="FileExtension" tracktype="General" occurrence="*" operator="=">mkv</rule>
  <rule name="General/Format is Matroska" value="Format" tracktype="General" occurrence="*" operator="=">Matroska</rule>
  <rule name="General/Format_Version is 4" value="Format_Version" tracktype="General" occurrence="*" operator="=">4</rule>
  <rule name="Video/StreamOrder is 0" value="StreamOrder" tracktype="Video" occurrence="*" operator="=">0</rule>
  <rule name="Video/ID is 1" value="ID" tracktype="Video" occurrence="*" operator="=">1</rule>
  <rule name="Video/UniqueID is 1" value="UniqueID" tracktype="Video" occurrence="*" operator="=">1</rule>
  <rule name="Video/Format is FFV1" value="Format" tracktype="Video" occurrence="*" operator="=">FFV1</rule>
  <rule name="Video/Format_Version is 3.4" value="Format_Version" tracktype="Video" occurrence="*" operator="=">3.4</rule>
  <rule name="Video/Format_Settings_GOP is N=1" value="Format_Settings_GOP" tracktype="Video" occurrence="*" operator="=">N=1</rule>
  <rule name="Video/Width is 720" value="Width" tracktype="Video" occurrence="*" operator="=">720</rule>
  <rule name="Video/Height is 486" value="Height" tracktype="Video" occurrence="*" operator="=">486</rule>
  <rule name="Video/PixelAspectRatio is 0.909" value="PixelAspectRatio" tracktype="Video" occurrence="*" operator="=">0.909</rule>
  <rule name="Video/DisplayAspectRatio is 1.347" value="DisplayAspectRatio" tracktype="Video" occurrence="*" operator="=">1.347</rule>
  <rule name="Video/FrameRate_Mode is CFR" value="FrameRate_Mode" tracktype="Video" occurrence="*" operator="=">CFR</rule>
  <rule name="Video/ColorSpace is YUV" value="ColorSpace" tracktype="Video" occurrence="*" operator="=">YUV</rule>
  <rule name="Video/ChromaSubsampling is 4:2:2" value="ChromaSubsampling" tracktype="Video" occurrence="*" operator="=">4:2:2</rule>
  <rule name="Video/BitDepth is 10" value="BitDepth" tracktype="Video" occurrence="*" operator="=">10</rule>
  <rule name="Video/ScanType is Interlaced" value="ScanType" tracktype="Video" occurrence="*" operator="=">Interlaced</rule>
  <rule name="Video/ScanOrder is BFF" value="ScanOrder" tracktype="Video" occurrence="*" operator="=">BFF</rule>
  <rule name="Video/Compression_Mode is Lossless" value="Compression_Mode" tracktype="Video" occurrence="*" operator="=">Lossless</rule>
  <rule name="Video/Encoded_Library is Lavc57.96.101 ffv1" value="Encoded_Library" tracktype="Video" occurrence="*" operator="=">Lavc57.96.101 ffv1</rule>
  <rule name="Audio/StreamOrder is 1" value="StreamOrder" tracktype="Audio" occurrence="*" operator="=">1</rule>
  <rule name="Audio/ID is 2" value="ID" tracktype="Audio" occurrence="*" operator="=">2</rule>
  <rule name="Audio/UniqueID is 2" value="UniqueID" tracktype="Audio" occurrence="*" operator="=">2</rule>
  <rule name="Audio/Format is PCM" value="Format" tracktype="Audio" occurrence="*" operator="=">PCM</rule>
  <rule name="Audio/CodecID is A_PCM/INT/LIT" value="CodecID" tracktype="Audio" occurrence="*" operator="=">A_PCM/INT/LIT</rule>
  <rule name="Audio/BitRate_Mode is CBR" value="BitRate_Mode" tracktype="Audio" occurrence="*" operator="=">CBR</rule>
  <rule name="Audio/Channels is 2" value="Channels" tracktype="Audio" occurrence="*" operator="=">2</rule>
  <rule name="Audio/SamplingRate is 48000" value="SamplingRate" tracktype="Audio" occurrence="*" operator="=">48000</rule>
  <rule name="Audio/BitDepth is 24" value="BitDepth" tracktype="Audio" occurrence="*" operator="=">24</rule>
  <rule name="Audio/Language is en" value="Language" tracktype="Audio" occurrence="*" operator="=">en</rule>
  <rule name="Audio/Default is Yes" value="Default" tracktype="Audio" occurrence="*" operator="=">Yes</rule>
</policy>
