<?xml version="1.0"?>
<policy type="and" name="Mezzanine-policy">
  <rule name="General/VideoCount is 1" value="VideoCount" tracktype="General" occurrence="*" operator="=">1</rule>
  <rule name="General/AudioCount is 1" value="AudioCount" tracktype="General" occurrence="*" operator="=">1</rule>
  <rule name="General/FileExtension is mp4" value="FileExtension" tracktype="General" occurrence="*" operator="=">mp4</rule>
  <rule name="General/Format is MPEG-4" value="Format" tracktype="General" occurrence="*" operator="=">MPEG-4</rule>
  <rule name="General/Format_Profile is Base Media" value="Format_Profile" tracktype="General" occurrence="*" operator="=">Base Media</rule>
  <rule name="General/CodecID is isom" value="CodecID" tracktype="General" occurrence="*" operator="=">isom</rule>
  <rule name="General/FrameRate is 29.970" value="FrameRate" tracktype="General" occurrence="*" operator="=">29.970</rule>
  <rule name="General/IsStreamable is No" value="IsStreamable" tracktype="General" occurrence="*" operator="=">No</rule>
  <rule name="Video/StreamOrder is 0" value="StreamOrder" tracktype="Video" occurrence="*" operator="=">0</rule>
  <rule name="Video/ID is 1" value="ID" tracktype="Video" occurrence="*" operator="=">1</rule>
  <rule name="Video/Format is AVC" value="Format" tracktype="Video" occurrence="*" operator="=">AVC</rule>
  <rule name="Video/Format_Settings_CABAC is Yes" value="Format_Settings_CABAC" tracktype="Video" occurrence="*" operator="=">Yes</rule>
  <rule name="Video/Format_Settings_RefFrames is 4" value="Format_Settings_RefFrames" tracktype="Video" occurrence="*" operator="=">4</rule>
  <rule name="Video/CodecID is avc1" value="CodecID" tracktype="Video" occurrence="*" operator="=">avc1</rule>
  <rule name="Video/Width is 720" value="Width" tracktype="Video" occurrence="*" operator="=">720</rule>
  <rule name="Video/Height is 486" value="Height" tracktype="Video" occurrence="*" operator="=">486</rule>
  <rule name="Video/Stored_Height is 496" value="Stored_Height" tracktype="Video" occurrence="*" operator="=">496</rule>
  <rule name="Video/Sampled_Width is 720" value="Sampled_Width" tracktype="Video" occurrence="*" operator="=">720</rule>
  <rule name="Video/Sampled_Height is 486" value="Sampled_Height" tracktype="Video" occurrence="*" operator="=">486</rule>
  <rule name="Video/PixelAspectRatio is 0.909" value="PixelAspectRatio" tracktype="Video" occurrence="*" operator="=">0.909</rule>
  <rule name="Video/DisplayAspectRatio is 1.347" value="DisplayAspectRatio" tracktype="Video" occurrence="*" operator="=">1.347</rule>
  <rule name="Video/Rotation is 0.000" value="Rotation" tracktype="Video" occurrence="*" operator="=">0.000</rule>
  <rule name="Video/FrameRate_Mode is CFR" value="FrameRate_Mode" tracktype="Video" occurrence="*" operator="=">CFR</rule>
  <rule name="Video/FrameRate_Mode_Original is VFR" value="FrameRate_Mode_Original" tracktype="Video" occurrence="*" operator="=">VFR</rule>
  <rule name="Video/FrameRate is 29.970" value="FrameRate" tracktype="Video" occurrence="*" operator="=">29.970</rule>
  <rule name="Video/Standard is NTSC" value="Standard" tracktype="Video" occurrence="*" operator="=">NTSC</rule>
  <rule name="Video/ColorSpace is YUV" value="ColorSpace" tracktype="Video" occurrence="*" operator="=">YUV</rule>
  <rule name="Video/ChromaSubsampling is 4:2:2" value="ChromaSubsampling" tracktype="Video" occurrence="*" operator="=">4:2:2</rule>
  <rule name="Video/BitDepth is 8" value="BitDepth" tracktype="Video" occurrence="*" operator="=">8</rule>
  <rule name="Video/ScanType is Progressive" value="ScanType" tracktype="Video" occurrence="*" operator="=">Progressive</rule>
  <rule name="Video/Encoded_Library_Name is x264" value="Encoded_Library_Name" tracktype="Video" occurrence="*" operator="=">x264</rule>
  <rule name="Video/Language is en" value="Language" tracktype="Video" occurrence="*" operator="=">en</rule>
  <rule name="Audio/StreamOrder is 1" value="StreamOrder" tracktype="Audio" occurrence="*" operator="=">1</rule>
  <rule name="Audio/ID is 2" value="ID" tracktype="Audio" occurrence="*" operator="=">2</rule>
  <rule name="Audio/Format is AAC" value="Format" tracktype="Audio" occurrence="*" operator="=">AAC</rule>
  <rule name="Audio/Format_Profile is LC" value="Format_Profile" tracktype="Audio" occurrence="*" operator="=">LC</rule>
  <rule name="Audio/Format_Settings_SBR is No (Explicit)" value="Format_Settings_SBR" tracktype="Audio" occurrence="*" operator="=">No (Explicit)</rule>
  <rule name="Audio/CodecID is 40" value="CodecID" tracktype="Audio" occurrence="*" operator="=">40</rule>
  <rule name="Audio/Channels is 2" value="Channels" tracktype="Audio" occurrence="*" operator="=">2</rule>
  <rule name="Audio/ChannelPositions is Front: L R" value="ChannelPositions" tracktype="Audio" occurrence="*" operator="=">Front: L R</rule>
  <rule name="Audio/ChannelLayout is L R" value="ChannelLayout" tracktype="Audio" occurrence="*" operator="=">L R</rule>
  <rule name="Audio/SamplingRate is 48000" value="SamplingRate" tracktype="Audio" occurrence="*" operator="=">48000</rule>
  <rule name="Audio/Compression_Mode is Lossy" value="Compression_Mode" tracktype="Audio" occurrence="*" operator="=">Lossy</rule>
  <rule name="Audio/Delay_DropFrame is No" value="Delay_DropFrame" tracktype="Audio" occurrence="*" operator="=">No</rule>
  <rule name="Audio/Delay_Source is Container" value="Delay_Source" tracktype="Audio" occurrence="*" operator="=">Container</rule>
  <rule name="Audio/Language is en" value="Language" tracktype="Audio" occurrence="*" operator="=">en</rule>
  <rule name="Audio/Default is Yes" value="Default" tracktype="Audio" occurrence="*" operator="=">Yes</rule>
  <rule name="Other/StreamOrder is 2" value="StreamOrder" tracktype="Other" occurrence="*" operator="=">2</rule>
  <rule name="Other/Type is Time code" value="Type" tracktype="Other" occurrence="*" operator="=">Time code</rule>
  <rule name="Other/Format is QuickTime TC" value="Format" tracktype="Other" occurrence="*" operator="=">QuickTime TC</rule>
  <rule name="Other/TimeCode_FirstFrame is 00:00:00:00" value="TimeCode_FirstFrame" tracktype="Other" occurrence="*" operator="=">00:00:00:00</rule>
  <rule name="Other/TimeCode_Striped is Yes" value="TimeCode_Striped" tracktype="Other" occurrence="*" operator="=">Yes</rule>
  <rule name="Other/Language is en" value="Language" tracktype="Other" occurrence="*" operator="=">en</rule>
  <rule name="Other/Default is No" value="Default" tracktype="Other" occurrence="*" operator="=">No</rule>
</policy>
