<?xml version="1.0"?>
<policy type="and" name="mov-policy">
  <rule name="General/VideoCount is 1" value="VideoCount" tracktype="General" occurrence="*" operator="=">1</rule>
  <rule name="General/AudioCount is 4" value="AudioCount" tracktype="General" occurrence="*" operator="=">4</rule>
  <rule name="General/FileExtension is mov" value="FileExtension" tracktype="General" occurrence="*" operator="=">mov</rule>
  <rule name="General/Format is QuickTime" value="Format" tracktype="General" occurrence="*" operator="=">QuickTime</rule>
  <rule name="General/FrameRate is 29.970" value="FrameRate" tracktype="General" occurrence="*" operator="=">29.970</rule>
  <rule name="General/IsStreamable is No" value="IsStreamable" tracktype="General" occurrence="*" operator="=">No</rule>
  <rule name="Video/StreamOrder is 0" value="StreamOrder" tracktype="Video" occurrence="*" operator="=">0</rule>
  <rule name="Video/ID is 1" value="ID" tracktype="Video" occurrence="*" operator="=">1</rule>
  <rule name="Video/Format is YUV" value="Format" tracktype="Video" occurrence="*" operator="=">YUV</rule>
  <rule name="Video/CodecID is v210" value="CodecID" tracktype="Video" occurrence="*" operator="=">v210</rule>
  <rule name="Video/BitRate_Mode is CBR" value="BitRate_Mode" tracktype="Video" occurrence="*" operator="=">CBR</rule>
  <rule name="Video/Width is 720" value="Width" tracktype="Video" occurrence="*" operator="=">720</rule>
  <rule name="Video/Height is 486" value="Height" tracktype="Video" occurrence="*" operator="=">486</rule>
  <rule name="Video/PixelAspectRatio is 0.909" value="PixelAspectRatio" tracktype="Video" occurrence="*" operator="=">0.909</rule>
  <rule name="Video/DisplayAspectRatio is 1.347" value="DisplayAspectRatio" tracktype="Video" occurrence="*" operator="=">1.347</rule>
  <rule name="Video/FrameRate_Mode is CFR" value="FrameRate_Mode" tracktype="Video" occurrence="*" operator="=">CFR</rule>
  <rule name="Video/FrameRate is 29.970" value="FrameRate" tracktype="Video" occurrence="*" operator="=">29.970</rule>
  <rule name="Video/Standard is NTSC" value="Standard" tracktype="Video" occurrence="*" operator="=">NTSC</rule>
  <rule name="Video/ColorSpace is YUV" value="ColorSpace" tracktype="Video" occurrence="*" operator="=">YUV</rule>
  <rule name="Video/ChromaSubsampling is 4:2:2" value="ChromaSubsampling" tracktype="Video" occurrence="*" operator="=">4:2:2</rule>
  <rule name="Video/BitDepth is 10" value="BitDepth" tracktype="Video" occurrence="*" operator="=">10</rule>
  <rule name="Video/ScanType is Interlaced" value="ScanType" tracktype="Video" occurrence="*" operator="=">Interlaced</rule>
  <rule name="Video/ScanOrder is BFF" value="ScanOrder" tracktype="Video" occurrence="*" operator="=">BFF</rule>
  <rule name="Video/Compression_Mode is Lossless" value="Compression_Mode" tracktype="Video" occurrence="*" operator="=">Lossless</rule>
  <rule name="Audio/StreamOrder is 2" value="StreamOrder" tracktype="Audio" occurrence="*" operator="=">2</rule>
  <rule name="Audio/ID is 3" value="ID" tracktype="Audio" occurrence="*" operator="=">3</rule>
  <rule name="Audio/Format is PCM" value="Format" tracktype="Audio" occurrence="*" operator="=">PCM</rule>
  <rule name="Audio/Format_Settings_Endianness is Little" value="Format_Settings_Endianness" tracktype="Audio" occurrence="*" operator="=">Little</rule>
  <rule name="Audio/Format_Settings_Sign is Signed" value="Format_Settings_Sign" tracktype="Audio" occurrence="*" operator="=">Signed</rule>
  <rule name="Audio/CodecID is in24" value="CodecID" tracktype="Audio" occurrence="*" operator="=">in24</rule>
  <rule name="Audio/BitRate_Mode is CBR" value="BitRate_Mode" tracktype="Audio" occurrence="*" operator="=">CBR</rule>
  <rule name="Audio/Channels is 2" value="Channels" tracktype="Audio" occurrence="*" operator="=">2</rule>
  <rule name="Audio/SamplingRate is 48000" value="SamplingRate" tracktype="Audio" occurrence="*" operator="=">48000</rule>
  <rule name="Audio/BitDepth is 24" value="BitDepth" tracktype="Audio" occurrence="*" operator="=">24</rule>
  <rule name="Audio/ID is 4" value="ID" tracktype="Audio" occurrence="*" operator="=">4</rule>
  <rule name="Audio/Format is PCM" value="Format" tracktype="Audio" occurrence="*" operator="=">PCM</rule>
  <rule name="Audio/Format_Settings_Endianness is Little" value="Format_Settings_Endianness" tracktype="Audio" occurrence="*" operator="=">Little</rule>
  <rule name="Audio/Format_Settings_Sign is Signed" value="Format_Settings_Sign" tracktype="Audio" occurrence="*" operator="=">Signed</rule>
  <rule name="Audio/CodecID is in24" value="CodecID" tracktype="Audio" occurrence="*" operator="=">in24</rule>
  <rule name="Audio/BitRate_Mode is CBR" value="BitRate_Mode" tracktype="Audio" occurrence="*" operator="=">CBR</rule>
  <rule name="Audio/Channels is 2" value="Channels" tracktype="Audio" occurrence="*" operator="=">2</rule>
  <rule name="Audio/SamplingRate is 48000" value="SamplingRate" tracktype="Audio" occurrence="*" operator="=">48000</rule>
  <rule name="Audio/BitDepth is 24" value="BitDepth" tracktype="Audio" occurrence="*" operator="=">24</rule>
  <rule name="Audio/Delay_DropFrame is No" value="Delay_DropFrame" tracktype="Audio" occurrence="*" operator="=">No</rule>
  <rule name="Audio/Delay_Source is Container" value="Delay_Source" tracktype="Audio" occurrence="*" operator="=">Container</rule>
  <rule name="Audio/StreamOrder is 4" value="StreamOrder" tracktype="Audio" occurrence="*" operator="=">4</rule>
  <rule name="Audio/ID is 5" value="ID" tracktype="Audio" occurrence="*" operator="=">5</rule>
  <rule name="Audio/Format is PCM" value="Format" tracktype="Audio" occurrence="*" operator="=">PCM</rule>
  <rule name="Audio/Format_Settings_Endianness is Little" value="Format_Settings_Endianness" tracktype="Audio" occurrence="*" operator="=">Little</rule>
  <rule name="Audio/Format_Settings_Sign is Signed" value="Format_Settings_Sign" tracktype="Audio" occurrence="*" operator="=">Signed</rule>
  <rule name="Audio/CodecID is in24" value="CodecID" tracktype="Audio" occurrence="*" operator="=">in24</rule>
  <rule name="Audio/BitRate_Mode is CBR" value="BitRate_Mode" tracktype="Audio" occurrence="*" operator="=">CBR</rule>
  <rule name="Audio/Channels is 2" value="Channels" tracktype="Audio" occurrence="*" operator="=">2</rule>
  <rule name="Audio/SamplingRate is 48000" value="SamplingRate" tracktype="Audio" occurrence="*" operator="=">48000</rule>
  <rule name="Audio/BitDepth is 24" value="BitDepth" tracktype="Audio" occurrence="*" operator="=">24</rule>
  <rule name="Audio/Delay_Source is Container" value="Delay_Source" tracktype="Audio" occurrence="*" operator="=">Container</rule>
  <rule name="Audio/StreamOrder is 5" value="StreamOrder" tracktype="Audio" occurrence="*" operator="=">5</rule>
  <rule name="Audio/ID is 6" value="ID" tracktype="Audio" occurrence="*" operator="=">6</rule>
  <rule name="Audio/Format is PCM" value="Format" tracktype="Audio" occurrence="*" operator="=">PCM</rule>
  <rule name="Audio/Format_Settings_Endianness is Little" value="Format_Settings_Endianness" tracktype="Audio" occurrence="*" operator="=">Little</rule>
  <rule name="Audio/Format_Settings_Sign is Signed" value="Format_Settings_Sign" tracktype="Audio" occurrence="*" operator="=">Signed</rule>
  <rule name="Audio/CodecID is in24" value="CodecID" tracktype="Audio" occurrence="*" operator="=">in24</rule>
  <rule name="Audio/BitRate_Mode is CBR" value="BitRate_Mode" tracktype="Audio" occurrence="*" operator="=">CBR</rule>
  <rule name="Audio/Channels is 2" value="Channels" tracktype="Audio" occurrence="*" operator="=">2</rule>
  <rule name="Audio/SamplingRate is 48000" value="SamplingRate" tracktype="Audio" occurrence="*" operator="=">48000</rule>
  <rule name="Audio/BitDepth is 24" value="BitDepth" tracktype="Audio" occurrence="*" operator="=">24</rule>
  <rule name="Audio/Delay_DropFrame is No" value="Delay_DropFrame" tracktype="Audio" occurrence="*" operator="=">No</rule>
  <rule name="Audio/Delay_Source is Container" value="Delay_Source" tracktype="Audio" occurrence="*" operator="=">Container</rule>
  <rule name="Audio/Language is en" value="Language" tracktype="Audio" occurrence="*" operator="=">en</rule>
  <rule name="Other/StreamOrder is 1" value="StreamOrder" tracktype="Other" occurrence="*" operator="=">1</rule>
  <rule name="Other/Type is Time code" value="Type" tracktype="Other" occurrence="*" operator="=">Time code</rule>
  <rule name="Other/Format is QuickTime TC" value="Format" tracktype="Other" occurrence="*" operator="=">QuickTime TC</rule>
  <rule name="Other/TimeCode_FirstFrame is 00:00:00:00" value="TimeCode_FirstFrame" tracktype="Other" occurrence="*" operator="=">00:00:00:00</rule>
  <rule name="Other/TimeCode_Striped is Yes" value="TimeCode_Striped" tracktype="Other" occurrence="*" operator="=">Yes</rule>
</policy>
